"latitude","longitude","Temperature","Humidity","SoilMoisture","BacteriaCount","FungiCount","Severity"
-38.2360463775694,-52.7018126472831,21.9905357700749,41.1771786143072,85.3531681932509,999179,100064,0.399189114750894
51.8949243798852,-48.0810798145831,20.0315070445064,40.1161095895804,66.6006616083905,1000321,99919,0.438211672328362
-16.384154073894,-76.6439529508352,30.1339252803745,40.442627442535,73.3326679328457,1000410,99866,0.440695437727446
68.9431327208877,-151.209751563147,28.7553065130316,66.0103981895372,31.4740349305794,999989,100332,0.533409295214662
79.2841111728922,-48.4364629536867,17.4541673133565,64.4979114388116,66.7717940174043,1002127,99971,0.691816529907888
-81.7998301098123,-115.91502673924,24.5242627457536,73.143993797712,46.3886711513624,1000366,99947,0.474139925632692
5.05898784846067,12.9793394263834,20.5202608862175,61.3196023483761,65.0282931281254,999125,99984,0.364743101602565
70.6354279909283,1.42153632827103,14.6462446472902,33.8973700650968,78.5775208147243,999809,100121,0.464058653639475
9.25830260384828,160.212637251243,25.7506006559407,30.3777416679077,90.1704200776294,999761,99377,0.208797916116121
-7.8093476453796,-57.1243377774954,24.6039414537071,45.5283940793015,52.7407548157498,999561,100197,0.440778453940066
82.2300021629781,-12.7030413039029,24.5131536624346,89.5674256770872,15.8109048381448,1001129,100189,0.618681499750003
-8.39985188562423,-150.288774613291,26.0807627090062,48.7142344284803,26.961875311099,999704,100089,0.380641338622418
31.962714381516,129.638464590535,29.4123258219829,71.9020191277377,13.4540214436129,999803,100097,0.410129560411327
13.0740123521537,-37.5621696095914,26.0279875224169,72.6019788067788,23.7557555316016,1000682,100005,0.490461161394603
-71.4735571201891,84.9237661343068,21.9178207856324,99.4510908285156,72.3056622082368,999882,99885,0.486268617101169
71.9684946723282,-118.172373846173,21.3260037403936,43.3832972566597,62.7125432249159,1001253,100105,0.603489878438029
-45.7042078161612,-16.2858127243817,24.3409860347941,82.7373409224674,45.2364492695779,998131,99665,0.147352474036312
-82.4292839644477,97.2737133968621,26.5500849328948,46.9671136001125,63.4306973544881,999408,100016,0.380233506807692
-30.9742705291137,-157.446000594646,19.8015982364898,52.9216554015875,52.9496879549697,1000343,101218,0.89910925039361
81.8106568465009,113.429338233545,24.0784556557881,30.2474846271798,33.0106385750696,1000868,100527,0.640664731877568
70.1170768914744,-71.5886911936104,29.8363363008396,99.8196900519542,77.073736069724,999053,100199,0.516578450688997
34.7046131081879,-48.7184299249202,24.4585995438276,60.6641653063707,63.498916872777,998642,99741,0.223042140582768
25.2912264782935,-67.6393949054182,21.507896662028,99.8382121440955,77.436368400231,1000575,99998,0.610079445062057
88.9685597922653,-166.546812644228,23.6202741578723,43.7703418405727,17.8849163930863,1002240,99286,0.34650125780514
28.0270438408479,6.76977242343128,30.5732427268099,37.8033757023513,39.6402273792773,998927,100269,0.363547717236972
37.5354842701927,64.4448296539485,27.7502198060707,47.5515515380539,96.2715865811333,999986,100105,0.529239917715027
7.931884448044,145.164081696421,31.183379000408,77.633362216875,37.7313619246706,1001628,99785,0.545914529039832
16.9455636804923,-170.810388559476,25.6954892858089,70.4078007722273,7.7554949792102,999830,100171,0.42736157094661
-37.9512472869828,176.068177465349,27.0513754824521,59.1443107347004,52.9335109051317,999816,99663,0.301998340299192
-63.5195434838533,-70.9604551456869,22.2077154382593,81.0426870500669,94.9723993660882,1001085,100017,0.669693134352285
83.3443618565798,158.08982421644,28.0268533446517,70.1932813110761,85.6113054091111,1000372,99842,0.497511108199635
72.4138281214982,67.5387294217944,22.4683322890538,70.434460430406,54.9436143832281,1000503,100035,0.529715952396926
34.326950116083,-19.0666818525642,17.8971724765213,71.2999389204197,66.495354170911,998687,99787,0.266691550426051
53.184135183692,113.932129964232,25.6399648284206,45.6049838056788,50.0448136590421,999923,99891,0.367126177988214
-85.5695367883891,-165.780288772658,34.7292560886572,37.2444609040394,92.407216085121,999745,99985,0.437375209278502
-3.9967252034694,86.0514067858458,29.0045716978653,81.5554218855686,9.1927953530103,1001577,99906,0.542606458844301
46.5227167541161,-54.4609822612256,30.8262669497313,72.8682629368268,49.6953357476741,999938,99528,0.284665810707035
-51.0465715499595,118.530296450481,26.7942786154658,96.5848652366549,78.2224094029516,1000291,99825,0.514143824561752
-32.7274186257273,12.7949010115117,21.9572141084189,97.1913105924614,86.9846874149516,998386,99949,0.368202779987877
-48.3073586365208,-81.1636690981686,23.9887957244486,82.1385235060006,90.1552329305559,999978,99847,0.484047844121762
-64.2959959711879,108.341356292367,23.6337594659404,60.4381101974286,81.1382487881929,1000560,100140,0.599785876199861
-15.3816595533863,-147.0079098735,22.6565011010896,42.234259613324,15.372962737456,1000064,100320,0.471389290038162
-15.5296212667599,119.558798717335,28.5208364196486,60.4701648186892,72.9758727829903,998858,99833,0.294225710496942
-23.6078188335523,-80.332173909992,19.0131824881729,83.372073143255,75.9502933127806,998701,100321,0.492818499210502
-62.5599454063922,91.1196358501911,29.3318306605639,94.3320517730899,66.0819487413391,1000460,100149,0.623303790138136
-65.0149085791782,167.094925241545,29.3207624311295,93.4688308043405,90.8035086235031,1002044,100267,0.875202851016984
-48.0538620986044,-150.672038393095,19.0068882046563,87.085898029618,38.978386647068,1001570,99798,0.561935825440554
-6.12675895448774,127.571308733895,28.1974599895027,43.9827059861273,95.6978344824165,1000171,100318,0.61775209819498
-42.1249247342348,108.805758152157,37.1511332617225,33.4737909724936,45.65863693133,999589,99806,0.27375610947754
64.4089887617156,-41.3375023473054,22.213922590292,63.5263967933133,19.5008594542742,1000038,100211,0.471974170778828
-81.7503899987787,-62.064936356619,29.2245212070404,71.3275358197279,59.0719233034179,1000536,99890,0.490226544465492
-10.4039866430685,-106.222066925839,21.088990771903,36.763416507747,15.5398693401366,999476,99889,0.246657567766277
53.8064722158015,24.9777585547417,30.553557091014,96.5623164433055,51.94960788358,1000468,99922,0.524139115002417
-68.0581332044676,139.699868559837,26.2491235996328,41.3920197030529,41.2839690921828,999215,100390,0.446069728756905
10.9706370765343,10.6970729213208,33.2595769581158,94.505438383203,82.7216950245202,999760,99936,0.500210743657857
-52.8243498690426,31.3051164429635,17.7051463573154,38.9442550973035,56.3095880206674,1000442,99556,0.30379905858083
-67.0443029562011,59.6646513137966,24.7435105693732,76.3917713356204,45.6475481856614,999567,100223,0.489885539142898
45.5954155744985,10.7612850889564,22.365374119372,84.8829349200241,19.23486252781,999250,100721,0.60244521952822
71.1081646475941,3.54344378225505,24.0136756546185,83.5229213256389,47.1946834819391,1001430,99853,0.574004870764107
-22.5967003405094,-174.182226872072,21.85210628657,77.0799217373133,23.250024439767,1000003,100030,0.432691541742904
29.7207350330427,-162.824405422434,20.830782097325,38.0966131668538,31.4079710748047,1000985,100164,0.535066908769065
-72.9286810336635,154.56624571234,27.8936118730822,89.5911041274667,86.6852045292035,999299,100187,0.537823886011341
-20.8854651963338,96.942793931812,19.5620964296154,73.2573116384447,44.4987307069823,999956,99842,0.389840966689011
-40.6109439767897,-107.610978204757,32.4201546577814,88.5488089197315,43.3928418904543,1000458,99821,0.459936655010357
56.6352069983259,54.0941401384771,19.0689670734312,41.894975733012,47.2588081145659,999733,99663,0.255195252410231
-9.26705854944885,55.356005653739,25.5053957569764,30.7196854054928,83.3401712356135,998573,100033,0.302305901196431
55.8115835487843,-37.708645882085,27.6649464341324,52.642881188076,1.03411078453064,1000027,100123,0.391161379294424
56.2301117135212,112.429738277569,27.9336766954631,48.8777907146141,30.9129474451765,999113,99816,0.227081751295433
52.9816177999601,16.9284303579479,23.4912666806681,87.7682949253358,8.6152971489355,999259,99396,0.121514506393819
-10.8302962314337,138.647754555568,25.397509976642,95.3563215909526,82.3007093043998,997857,99881,0.276346805334294
45.8055285550654,19.1930355224758,29.8063207590484,38.9454038557597,47.1107213757932,1000668,99682,0.357578783528423
23.259803680703,146.177320182323,17.7176704146179,93.9336324366741,53.2335925614461,997855,99956,0.252333750020787
37.8328322432935,31.4860921259969,21.0913014423396,72.3663763422519,39.5395429106429,999586,100249,0.4844041967974
-89.8875408014283,-27.5530856475234,26.6020115715831,58.0199616518803,45.4437169479206,998863,99642,0.17762541927593
-4.44301666226238,161.850716276094,22.776090108315,76.6056712390855,11.4900947082788,1000703,99929,0.452171903738337
-50.3786006709561,75.2536452468485,31.850019969855,83.731949403882,3.10908427927643,1000489,99870,0.406145922674528
-21.6330232098699,-31.2100530881435,28.3662693167742,66.5326990094036,2.32108787167817,1001320,100070,0.536816086155667
20.2987805893645,-173.388929860666,25.3608337620738,57.6155261974782,7.75193453300744,1000726,100457,0.604059625811846
-26.6763763362542,24.0242697950453,17.4612134123166,97.6050783484243,36.1531095346436,1000056,99812,0.41642344912199
-69.995623617433,-3.5771568864584,25.1305011266312,33.4289878443815,76.1408725054935,999184,99926,0.322858723496381
-46.1484949104488,136.322647640482,23.417920659015,40.7315790164284,74.3281641742215,1000656,99678,0.402766800008709
30.2500057406723,112.626967644319,24.488267432397,78.7787345866673,9.76922034751624,999546,99461,0.162520449190537
-14.8235796578228,127.475991910324,19.0922038647216,80.9450111258775,96.1905417498201,1000321,100297,0.688337998206225
51.8752501253039,-47.5574588030577,27.4932902191496,37.5865590828471,14.3204428488389,1000270,100187,0.437088072197758
-71.4843640336767,134.621968623251,19.8052177984648,62.5197981903329,48.4661741182208,998289,100352,0.379565584114701
-11.7193065304309,-125.518258279189,23.868890092788,74.9487875355408,56.4910990186036,1000989,99865,0.531916488900955
87.2922563971952,-78.5477989073843,26.9071291472568,57.7977656503208,93.2305590482429,1001675,99935,0.66298503262998
70.7492005918175,60.0138568226248,21.0824210549348,99.3301179935224,82.002477068454,1000914,99668,0.536478104126433
69.5644309418276,171.858087647706,27.9149570284003,77.5096166925505,53.3083039568737,1001144,99761,0.510772734023514
-58.4905229508877,29.7863051947206,18.4174479917415,52.0722920284607,38.4468980366364,1000902,100065,0.525773783209985
-66.4747755182907,9.57242863252759,10.9511266051973,40.7638482027687,54.5988312223926,1000475,99898,0.428623631237955
27.5583465071395,-158.118399046361,27.3248399539293,51.0876215039752,79.6727934852242,999417,100139,0.45838027371124
-28.1670349929482,168.853990919888,29.202699134805,36.6160871437751,62.734336219728,1000179,99290,0.188039108949413
28.2164630340412,-136.714633712545,23.5707728820431,31.8812854797579,10.3957000654191,999608,99906,0.250345423996289
-32.3328163521364,-148.189211636782,27.520631272958,51.7338313022628,19.1992509644479,1000899,100092,0.502664864402083
-56.2155985319987,137.075081365183,19.2204173745816,81.9707208033651,84.2110433615744,1001031,99924,0.614706570503488
50.8129742369056,3.01342670805752,24.3642569658717,97.2064548614435,47.9376612463966,1000095,99964,0.493246858496779
-73.1529023917392,-58.501800969243,15.2924081197969,59.1061863908544,77.7260588016361,999452,99871,0.377291906673578
-5.9797725174576,141.960465162992,30.9059044571926,66.5564785082825,81.8179134977981,1001408,100247,0.740292043304573
2.07098278217018,-168.490213891491,34.2995543077158,34.7263810154982,29.6933939913288,1001009,100284,0.571743418819341
17.9980126675218,-94.5973089337349,30.3700613014099,74.0889263805002,22.6709939306602,1000255,99674,0.327910810591613
-30.091762742959,67.1365263964981,24.8632651679313,54.7389651043341,62.0357893174514,1000665,99715,0.419669209954224
-2.04965393990278,-98.7053676042706,24.8333482886204,59.7300256486051,37.3875572811812,997410,100100,0.172703526270216
81.8052889499813,-65.3419482707977,17.4196618842445,97.4638153496198,88.5972418123856,1001676,99990,0.740420327285575
-3.07756850961596,-117.365825967863,28.9519267194411,77.6698940852657,12.5531607773155,999688,100223,0.450384134984355
70.2630399819463,108.514650128782,23.9463290965411,80.2924719103612,15.7996590714902,1000016,99681,0.303527583240221
74.5988736441359,-127.338459128514,21.7162853731946,41.9440835760906,63.846252579242,999326,100137,0.406627944280466
19.572296817787,116.178260995075,17.9398710367085,44.2526362393983,18.6130561865866,998707,100180,0.284250941078492
-16.0758402245119,-60.8407816942781,23.5011875167686,91.3584798341617,66.4508679648861,999431,100119,0.497477526987028
-63.5229556309059,-45.2990203723311,20.7546943249165,88.6265767901205,51.2025854550302,999609,99733,0.350302049955885
78.3539645886049,46.7083525657654,23.0148473983608,80.4438929725438,74.1619840497151,999427,99682,0.337032310766783
-35.7787980046123,-145.211852509528,18.912000061182,49.6744359773584,33.6513029644266,999101,99944,0.27694579612401
-79.0702971210703,-172.082262486219,33.4379474147285,44.6993627725169,11.1268449574709,999919,99372,0.117172386402745
80.5908492067829,177.496120920405,24.9199873639602,64.5905223721638,40.2289624325931,999524,99717,0.277659817595472
39.7073292173445,30.2179844398052,30.3747253863619,66.5226965770125,54.2698740260676,999804,99765,0.351210867313656
-64.3870267923921,101.456303447485,11.9915016487117,45.3882268210873,74.0261287195608,1001109,99774,0.492771043648122
8.87123809196055,141.082604136318,22.7340108500258,83.4174691652879,17.2570080962032,999429,99733,0.266240686645238
81.7364229401574,91.7515632882714,21.6225885420396,31.716375714168,58.6485426872969,998707,99934,0.242565604655357
15.3870035614818,172.513342844322,18.8853691031704,79.8040161607787,49.984654225409,1000952,99940,0.551756269507055
-17.1881492855027,-164.107055542991,32.7330457711205,88.8621319411322,93.63585668616,999709,99196,0.24141490293459
26.6208262788132,145.22431849502,17.9235904011525,95.1574750454165,91.0303110256791,999503,100562,0.708950785689659
-32.4322889233008,131.580293057486,26.5919513020401,76.3464153092355,15.2906609233469,1001410,100333,0.677258696955713
-34.6103980438784,99.1467328928411,29.2321814278985,48.8959553558379,30.7297505205497,1000643,100456,0.618306593405569
-50.4418263724074,-44.3460899312049,25.8909509420901,45.2763422229327,69.829416833818,999178,99812,0.290991507834346
-23.4920041495934,-164.841102473438,20.6237226125224,90.7472719810903,76.3215241255239,1000753,100204,0.685345812411549
87.1594566246495,-48.8120106048882,29.7058290336208,31.7200086195953,50.9869654662907,1001067,100207,0.580932088796345
-62.2435858519748,-81.4495428744704,25.8529404092042,89.5018707076088,22.6727172033861,999330,99450,0.174363696500556
-73.61208002083,126.168293058872,19.6825104680898,66.6753153898753,16.5861424058676,998060,100521,0.368935273662398
-64.4567565992475,-49.5353835169226,18.0597547619897,60.4823891283013,31.6137150628492,999880,100117,0.436640385624976
34.2012782720849,-70.3879953827709,35.4335871724657,95.1906322524883,4.49410863220692,1000569,100025,0.490857814683599
21.4661670103669,93.2887221872807,21.6074842729078,41.5185277140699,66.9568413402885,998346,100337,0.376251920880871
70.4509410867468,124.140464756638,15.7221417304098,56.5151874441653,74.6277173282579,1000053,99584,0.331055695039882
31.1398366698995,-15.1482380088419,27.6662968137683,39.6631455933675,24.8533362522721,998775,99913,0.199772231131487
42.6739928266034,82.6673992071301,26.5511512803045,40.4804754024372,46.6953222174197,1001028,99435,0.310775187430181
3.8044306403026,-142.531691025943,18.230828321387,77.3513073171489,4.42873267456889,1000435,100065,0.461009540162735
28.7709209416062,-100.806056018919,15.2852179320902,69.3481309106573,9.82659002766013,1001604,99941,0.538795643102647
57.9249828262255,163.422449184582,24.418487414207,63.0153909954242,89.7094524232671,999484,99524,0.284127903703052
51.5306793060154,90.7335148472339,30.6969814585471,86.7770118033513,61.5148483077064,999809,99754,0.393268388520595
86.3679451262578,114.82393797487,28.1806201759107,97.3671972565353,64.0710000181571,999332,99826,0.389061072536048
-10.9023234760389,-29.6002433728427,22.5353128791901,66.0786918830127,46.1002120980993,999791,100467,0.584134269117043
-33.8936036266387,33.7818575184792,20.8290588420781,79.2605938739143,27.9731452930719,1000878,99856,0.476791778799045
-16.294508529827,107.576480805874,26.3553337837527,42.6615657005459,94.4950246019289,999490,100396,0.567804062756378
-88.1159198703244,139.827114148065,25.7867667360808,54.8476862977259,2.30717244558036,1000391,99873,0.347621120491174
-56.9070856785402,-41.3310264050961,28.1485587334636,33.4931952506304,17.7312726154923,1000174,100246,0.446503749782218
61.6912773996592,-147.484049666673,23.0210102485555,40.6787591893226,97.1428127260879,999788,99611,0.323083625472296
-48.3908792305738,45.2677093539387,29.4967702660155,36.9490203051828,79.9737756373361,999661,100301,0.519183624163655
-46.9620079826564,88.4290382266045,20.8459423633188,49.6103653288446,99.9651014106348,999909,100045,0.509197103266758
-76.1955902399495,-149.263755362481,23.3472764994002,57.1215141494758,26.0743452701718,1000625,99910,0.428946259379077
-45.7697379542515,-71.813659965992,28.7040726186295,74.3911150470376,58.2182658370584,999182,100258,0.478239021568248
41.7843369953334,41.2423766311258,29.9498580431356,79.4944526161999,7.2294166078791,1001293,99693,0.429937124872198
62.5415697181597,91.0555408615619,15.3074764927331,52.821282313671,80.2283700322732,1000982,99499,0.404234875280901
-0.445091924630105,150.140567896888,25.5359520350808,97.5628320570104,88.0565365077928,1000262,100159,0.6471294499828
-20.1763746282086,-8.72981795109808,28.0438950586732,78.7518113222905,88.9629539102316,999365,100261,0.556998738650955
-45.6391810532659,24.1630078107119,17.7458784325468,41.2754735909402,1.13270068541169,998748,100106,0.228685197254137
-70.0026369653642,85.1833245903254,27.4031279993761,55.8343569142744,24.1400566184893,999136,99665,0.176401053361018
-19.8010016558692,128.681072797626,20.859128648016,51.1552431434393,60.7268897583708,1000505,100323,0.609612831941995
12.9483565175906,147.2927416116,30.1012650608221,62.0576037233695,36.2720564939082,999473,99920,0.333319618670561
-50.9593026945367,-159.70239887014,27.6924101605132,87.6297922455706,70.9208659362048,1001321,100174,0.72187453079895
-9.94175963569432,1.04698947630823,28.845261474978,46.2777545605786,4.20729606412351,1000272,100376,0.501872518490074
-50.7616796297953,-53.8038817048073,25.6035966464352,58.1625557690859,65.7171030761674,1000011,100104,0.498644942083807
0.413921386934817,124.400204261765,29.3182421707888,98.0128962057643,23.0689442018047,999219,99979,0.36440734810279
-26.2971770670265,110.316658979282,31.9025726415727,38.7094522197731,27.2977372631431,996952,100305,0.144546727127924
26.9973285868764,-137.760758176446,34.8312400772782,74.1203053621575,73.316377773881,999829,100109,0.519702615238573
-22.5514878099784,76.5671597979963,24.8580247262547,79.2706904117949,17.8256200859323,998898,100052,0.316046529939592
-26.0198314581066,-95.3032111097127,13.754744548338,71.3840198935941,38.5634268634021,1001093,99605,0.415576649885133
6.06383018195629,-153.015569569543,25.15763002297,99.7561389883049,68.435456068255,1000301,99943,0.546075198676052
43.2601848710328,156.832613004372,26.0278060422499,33.1735271005891,41.5191047592089,999441,99803,0.249410824417578
-50.2014711918309,-123.419582946226,24.223273264278,99.3050776538439,54.2161838850006,998928,99830,0.333860883262051
-15.705698649399,52.9406460095197,27.8414431038854,82.1714416518807,45.5189880216494,1000084,100617,0.694438208356714
-42.1763963671401,-117.533611385152,30.0533898225713,60.5724718444981,12.7064438303933,999073,100389,0.414892607205282
23.3951496239752,-172.77335668914,22.4100878491609,40.7104584132321,3.11842460650951,1000141,99872,0.298315699295766
-56.9108716584742,7.67298468388617,23.5295233642194,61.4205622836016,16.5653203846887,999596,99765,0.258100688527367
65.4559400584549,-148.939958419651,26.9892110440017,43.0427298811264,79.8880711663514,1000312,100135,0.540494831089575
44.3822407443076,-78.1191554199904,22.2488812925543,59.8584007751197,14.2388037405908,999314,99971,0.294221680643576
30.2912369510159,-28.6434356309474,25.4563369174412,87.4545906577259,7.44408417958766,1000089,99393,0.207455435952402
21.2432171870023,31.4201247040182,15.1914620055735,33.5265239956789,2.8574007563293,1000259,99735,0.250232502021321
-22.9971491592005,110.40999465622,19.4005013930119,52.7767506148666,41.7391903232783,1000209,99646,0.30933360663536
5.37042345385998,-107.2817248106,18.3612226219794,88.968835065607,85.40280375164,999624,100521,0.687961851598373
67.4428217159584,-14.6071181818843,20.7318815163638,32.8139855060726,33.0488940468058,999657,99074,0
14.7150179604068,-18.6684790067375,21.5334773603467,85.4311072849669,44.4436515681446,997906,99928,0.219359372410922
61.1581976618618,84.1491929534823,26.9115257127319,97.3139906255528,41.3483235985041,999328,99855,0.361284788471239
-33.7593303155154,77.311731800437,29.9105650126132,76.2644341238774,35.1750784087926,998921,100127,0.368766700567828
37.4922579992563,119.239912396297,21.3630823545623,30.6102193379775,92.7850279491395,999020,100252,0.443438167088752
-42.2967949043959,139.163803523406,20.01580508811,62.6052456977777,93.0054556345567,998484,100502,0.527385881286407
16.9817749271169,162.952046636492,19.7915557050525,80.1629694085568,28.0263159889728,1001320,99839,0.519988466633631
-3.36783591192216,18.2220198679715,22.9270563681816,31.9727476872504,72.9309949558228,999855,100384,0.549630679748384
-42.2941083367914,8.04087580181658,23.8048546592372,89.183779109735,21.6784899588674,999947,100417,0.581070277237515
11.6262782597914,-118.548628091812,27.4180876691913,82.2490786318667,94.0247777383775,1000738,100043,0.641927206894849
74.37388014514,-7.46223840862513,23.393375789158,48.4821535041556,6.42989731859416,1000332,100137,0.431029971283279
72.3373901098967,-88.6245132610202,14.6075536556999,82.2139573353343,98.8668913953006,999655,100636,0.743099562538486
-40.6500081298873,-165.678970674053,24.5428286222493,77.0107729942538,21.0208480246365,999939,100197,0.481126098762018
-32.1331038465723,48.5281835217029,30.9359340532578,42.0436913357116,31.8532433127984,999766,99965,0.340482037908595
87.4153591878712,14.2419290542603,30.9580063425516,76.8801527819596,12.1769886463881,1001882,99933,0.58224549734707
21.5987958339974,-129.562722025439,21.0551839094439,95.1247822050937,58.4214246133342,1000873,99482,0.420316843934632
78.7165360478684,-77.8637603390962,17.2611172818121,89.5682330871932,65.8343411516398,999085,100154,0.468603936849912
-6.02411358151585,29.8910142760724,37.2903024593264,84.6751264645718,99.6165027609095,1001028,100265,0.765024617645039
-16.7701332131401,-120.590678807348,24.1878902876029,78.0089631886221,19.4067566888407,1000789,100655,0.733878901433002
28.6614583572373,-145.331600150093,24.5127437494719,71.3958378415555,81.6496719140559,1000340,100245,0.632191568710205
-62.5776089681312,-25.6992871128023,27.1028709434907,58.229125184007,61.9452059967443,998505,99548,0.133356069781386
13.1160704791546,-51.9258363358676,16.9298027169044,38.9843678800389,98.560710856691,1000882,100044,0.593843180740817
-47.029315168038,124.176074350253,21.3589044440436,87.4115125089884,44.1791965160519,999866,100200,0.529741160451658
83.2246085582301,-86.3523094821721,17.29778797355,80.1704330625944,72.4185222759843,997774,99570,0.115890629880232
18.2458306755871,-171.667982814834,21.534526929947,85.1827396731824,7.58486231788993,1001524,99843,0.517923414873968
2.70535090472549,130.463834283873,25.5942471650228,31.2821200815961,63.034275197424,1000434,100090,0.490456210517371
-17.5367984035984,-59.5483339671046,18.1764527100654,42.2143098688684,21.4586451416835,1000192,100245,0.468647550708908
68.4443774214014,47.4439938180149,27.9499133968366,71.9054277869873,91.9127551838756,999343,99491,0.275567251399034
-24.4634643383324,16.713453149423,26.4467201440867,35.6447176006623,81.1952003277838,999117,100110,0.392790510771448
-38.1169294752181,-44.4799824524671,20.4789248718968,79.5121159264818,85.6115926988423,998346,100071,0.375623263854122
-59.2838576808572,-113.085714569315,26.1316247119053,69.4568141945638,81.6757245920599,999911,99755,0.409306951160002
-59.0090856514871,-25.5813871789724,28.7404058124692,49.7965536429547,41.7101690312847,1002365,99794,0.589133167268147
-3.23233100585639,47.0784954819828,30.3054762663087,57.4439736013301,97.7549103787169,998783,99908,0.34862022733892
-44.4663128675893,7.50324645079672,23.9357586067674,77.0909717492759,49.9363659881055,1000476,99984,0.511472600175011
-51.074137869291,57.463681390509,24.5318160304448,41.3525767088868,49.8571664560586,999753,100451,0.539744577895649
31.3877498544753,82.5699352752417,24.5664293250904,37.5951332435943,34.3472252134234,999989,100436,0.528050361310478
-81.4205470634624,-4.74376559257507,32.2073087802752,67.3410960985348,6.73493940848857,1001313,100275,0.617267941393874
36.1535557452589,-41.5956183616072,30.62535946139,37.223937024828,90.7365338876843,1000101,99847,0.424090951681814
-26.6600450780243,-177.53993681632,29.1720078387852,36.5392659674399,22.1119735622779,1001917,99628,0.427816352558377
-16.3900803728029,-178.673678068444,23.5632960007965,74.7947599436156,29.7663893084973,1000772,99869,0.465556519662221
57.7712383121252,178.177118450403,26.866207170832,69.4829705986194,65.8542462624609,1000608,99957,0.529862864456241
75.3943226672709,-141.160723138601,27.0164516561035,51.3875563652255,56.6619909601286,999850,99412,0.210141535059331
-39.1449005808681,-29.2791029904038,19.7916335285534,48.6206321930513,97.1292390022427,999966,100488,0.665870838167198
82.9988628672436,78.4384367801249,16.3584774233963,74.2750552715734,10.4932233225554,997895,100268,0.264063470275045
41.1109970882535,87.3140876088291,28.2091501382581,88.1530483486131,54.3798925820738,1000256,99611,0.381304028407121
33.5475147608668,133.919576536864,17.3534473440979,33.5948930680752,91.5372134884819,999496,99741,0.316684432359242
-80.4880903009325,38.8324659783393,25.008418442421,99.4634525314905,87.2937403619289,1001937,100030,0.783862245557937
-18.8603757647797,92.2332064714283,26.2512391067417,31.5461035002954,90.4538909206167,1001930,99547,0.505155017238787
-3.98783162701875,125.006867302582,27.8193369515294,42.5887222331949,77.8780563501641,1000637,99602,0.382739909100207
10.8455874631181,40.6006736308336,25.9471311875741,53.0084452405572,16.7171070119366,1000378,99676,0.297230069756794
35.6870870757848,105.560700399801,21.3357309685144,89.8427001736127,12.1384909143671,1002644,100104,0.746259289640527
74.8230369156227,-171.772313956171,29.9318292994773,42.9052219260484,11.829413054511,1000725,99898,0.388473449110777
21.303220926784,-29.9107621237636,33.6931688345312,85.6749691767618,43.2067591231316,998690,100066,0.351077173357575
-12.884128424339,134.957659486681,29.4058940446272,90.1196496794,77.7386966859922,1000617,99710,0.497086812855908
7.57446609903127,53.0449256021529,15.2817454933801,63.0413673701696,90.4098095139489,998931,99935,0.371244670644621
-79.4738720543683,152.812435235828,31.9978809270147,75.3741987515241,42.6466280128807,999411,100020,0.394561988681617
-43.0457657296211,-117.998965429142,24.7197202690687,52.7529179188423,80.9511106228456,1000164,100206,0.567473227916124
-18.5126484045759,-66.3073959108442,27.6245713965965,62.6296220673248,46.8375103781,1000151,99653,0.33025184020674
-54.405947397463,109.53226053156,28.1101661793553,95.9685098589398,67.8603097330779,1000121,99607,0.40050658001481
59.7469613095745,176.026828028262,24.5165696339665,47.1825009048916,75.8725884137675,999789,99958,0.421663993450383
-62.480299891904,-63.941201325506,24.6236840117564,31.5719941467978,68.3359615271911,1001693,100864,0.909423885079653
54.6153375646099,-179.571013776585,30.0957853466545,97.69502813695,84.757961332798,1000150,100029,0.583801628011113
8.42870817985386,177.181422952563,28.5580096124312,48.2034199871123,31.1569909565151,1000314,100019,0.427685885419053
29.2171755619347,-126.593138957396,29.9513112302212,75.7875051558949,18.2766802608967,999948,99978,0.398005214426169
-59.0942711010575,-162.228853013366,36.9146334761516,35.2766866283491,9.35201700776815,1001256,100165,0.523547784689005
23.9499647682533,35.0472537428141,28.3220793184704,97.8472269303165,1.47945936769247,1001587,99301,0.34364532099392
-33.863445580937,-64.3217603489757,26.0369057869265,94.2977526690811,90.2413302799687,1000319,99631,0.464545595890521
40.4197823535651,10.0544401165098,13.9468344471219,90.770677535329,79.6052918070927,1000381,99933,0.554764162754924
-18.1908315606415,106.35192733258,38.4585700162306,59.7065282380208,7.77718985918909,999756,100384,0.477163974969204
84.4841540046036,-155.184265142307,22.5866158910185,84.6722383191809,10.1743090432137,1000213,99940,0.414404037769899
84.1317067109048,70.2074510324746,36.873673575477,50.9934124886058,17.3892091494054,1000609,99489,0.25369988401212
40.8064570231363,161.507342644036,26.8732178400249,50.2616951894015,52.8678020462394,1000442,100425,0.624482458754445
-43.7009856384248,-80.0030457414687,32.692150994484,99.9491683184169,73.531401460059,999643,99780,0.426180363119578
-50.0781717617065,-90.2136293146759,24.4514483941188,99.0926045551896,11.8218665011227,999654,100092,0.434508493834525
16.7482173023745,-122.603227151558,27.5573537734906,63.6032438836992,10.3439392056316,999963,99608,0.235398130396541
-41.8461422156543,-154.213179834187,26.0697898982113,83.3592546358705,55.226346408017,999633,100128,0.490688355595126
5.59267179574817,20.6775299180299,24.0693965031325,53.0028347508051,29.0518567897379,999922,100542,0.575059379131785
51.3525008317083,-3.65866142325103,24.3980308768875,46.5367193077691,44.0440524602309,1000432,99980,0.445125026914758
-59.7490541031584,-2.05474971793592,30.0641716792213,73.250202126801,11.8444304447621,998759,100493,0.437385484175574
-17.2081474168226,139.813770661131,23.9927092651425,53.831448580604,92.1618608292192,999802,99933,0.452094600324147
-5.11627002619207,-166.786430468783,14.811587527796,34.087371933274,73.2589497929439,999143,100198,0.411071863830107
66.2592252390459,-106.652227118611,24.0205537558509,98.7362075573765,46.153046307154,1000972,99929,0.574954799564237
76.6274320520461,4.96121009811759,27.6989530276814,78.1628085183911,67.2314426861703,998968,100157,0.440528050212687
68.7559606740251,-94.9176399596035,28.0822785817572,90.3527554636821,28.8494411157444,1001690,99968,0.623726868361426
31.3536316528916,27.1568411495537,28.0828390873872,62.3186838557012,66.3445411249995,999841,99836,0.393334697186992
81.0300562810153,-6.38715187087655,16.5394923956546,38.8219038955867,37.5068643130362,1000006,100329,0.499242135840308
2.96008096542209,24.9669679440558,26.843710290056,77.6206811680458,67.092354176566,1000741,99513,0.402478632477986
13.7734238337725,-128.105166563764,29.8392960497353,31.3964149635285,41.272456292063,1001559,100029,0.554358859935013
-29.4603829365224,-127.544845473021,31.3828934073383,41.4071047771722,71.1320234229788,999582,100219,0.474397019932821
-27.4815663462505,-31.578079322353,23.8751936447794,92.7071084571071,28.1075957231224,999958,100297,0.556204547331867
-86.3956259004772,65.883701685816,23.390537069086,40.7210421189666,73.8704477902502,999789,100261,0.514966788267943
0.506348214112222,55.2340153511614,32.4391891593902,48.1049115536734,57.4921453837305,1001375,99897,0.542170756653638
66.7878144560382,149.755079895258,16.6603597711034,47.0817276160233,2.44959855917841,1001398,99090,0.16633513006617
-88.8658588891849,112.720727697015,22.8158501154344,51.8305435171351,36.269472562708,998856,100369,0.408899783417024
-77.0297176809981,63.3204004447907,27.2873103967873,45.487268269062,44.0849272301421,1001425,99961,0.543755396009418
-60.4419795004651,110.699679348618,16.9111311730939,32.1382789989002,40.3401952702552,1001199,100216,0.581453553718607
48.660133369267,-133.896808940917,26.3981393121588,93.212562634144,54.4772167922929,998321,99640,0.191538399807791
42.3331750463694,-89.7197277657688,34.389320105261,97.1578225004487,86.3196505932137,1000868,99873,0.607644558899149
84.9376144213602,-60.64308302477,24.9796967328183,95.9994063014165,76.5674656257033,999150,99812,0.382867016089796
-6.03497216943651,-33.3830556180328,23.6077298751821,61.7310027987696,6.54219081625342,999241,100410,0.432167847965446
-76.6107876040041,48.7323277071118,27.3745585701703,60.6365501694381,11.7517975857481,1000339,99855,0.360800740152484
26.7872623773292,111.100336164236,23.6046391460635,33.5116303432733,30.9788207290694,998440,100041,0.208943322246576
46.5467705111951,-86.8315675109625,29.0670018703953,55.1874887850136,30.8678307104856,998929,99851,0.229988298022707
-65.3209054190665,115.008170362562,29.5221773222485,92.7650845283642,73.2336794724688,1002273,100635,1
-18.6147729679942,-174.428039174527,25.0134583061506,55.9744217060506,14.1491358866915,999544,100473,0.490185912180075
-49.5026407437399,55.5842759739608,19.1165392112514,65.2299507893622,97.7573237614706,999996,99927,0.498943512018996
-79.5674591045827,112.219050340354,18.4088963627046,66.9319514255039,85.4799015913159,1001474,100242,0.752302668784435
-18.7393161049113,-13.9071863517165,22.0350131717234,41.9189045554958,58.3923732163385,1000554,99747,0.391847434449258
-78.3129060035571,-106.769843408838,28.9869025027492,67.7019143756479,89.956425386481,1000203,100036,0.551045503763431
-49.3404420744628,-173.243441814557,15.2089741267154,37.7345411549322,0.934454309754074,998200,99812,0.0593547544857362
-80.1667603617534,-78.0722289998084,15.5683742063373,72.9873524070717,78.4557086182758,999409,99987,0.437857126012044
30.6507671205327,149.498145226389,21.7311008761995,68.1483498890884,90.7801477704197,998596,100229,0.448277981841194
-36.4064791286364,156.130747385323,26.9719742399029,45.9340084763244,11.0777559923008,998997,100455,0.403205269945679
-71.8701151851565,15.3113809414208,20.432169759175,93.1056056823581,46.582100330852,1001059,99933,0.577157663812983
-77.057262500748,-101.007883446291,29.4337451854803,43.896850568708,67.4348260741681,998832,99768,0.23188923531022
68.4793023811653,-3.80599055439234,26.6668498507759,59.5268482295796,46.5452460804954,1001556,99785,0.522808374916652
45.7645323732868,108.413545014337,24.1468019088069,91.9053300609812,87.5020541716367,999095,100123,0.498348260769418
56.9890597695485,-33.2529632002115,29.0941406826589,46.6740592615679,40.1085536228493,1001163,99569,0.372119741170982
86.7852672608569,-142.663835920393,26.9418258140968,50.4141418775544,56.668514572084,1001661,100244,0.698306974197151
-71.352063906379,-78.9965370856225,22.7703248639392,91.3476688670926,65.3705746168271,1000204,99849,0.483391740577901
-72.1724707167596,-49.8721605911851,26.1555746720908,73.3350732503459,28.5659729503095,999418,100609,0.577236416599705
53.7896900111809,-86.6718572191894,28.237566789888,90.0109127582982,89.1944850794971,999511,100647,0.728377062322903
51.2235479755327,-10.5545399151742,26.7814167243102,63.4099032753147,13.8713344465941,1002413,99846,0.589225096433842
-88.3026170823723,-48.2956296298653,21.7099489602526,92.5961671955884,55.71941412054,998035,100645,0.51757679225688
50.2318589016795,-136.342060463503,29.276011025321,41.8348549725488,25.2928426256403,997377,100194,0.152902074707998
41.2903173454106,-163.082275008783,30.7646811277931,73.4749096399173,7.36061707139015,999945,100133,0.430714760063134
23.4237335063517,-85.3933304920793,26.3813727827167,80.5932370806113,76.2648625299335,1001681,99843,0.640685762722029
-3.43605060596019,168.710820470005,25.7205233123109,43.3151314384304,60.6368775945157,1001043,100238,0.624406046245593
-61.8053667526692,-4.141626348719,24.6218745961008,69.8100851592608,33.2993865245953,1002540,100114,0.740454298242366
-88.5212064301595,-7.98406929709017,35.8070792315139,77.0071929274127,90.9663618775085,999438,99762,0.388618431368573
-8.55748903937638,89.5654372125864,26.381577660679,94.3447629082948,59.0027196798474,1001283,100249,0.735740704614308
-1.38720082584769,60.3504832740873,24.2085298565003,52.7891788468696,94.6425729431212,998442,100218,0.408799467356859
-19.8743199231103,-162.210385166109,12.4604109890137,68.2726449216716,90.2330538723618,998306,100393,0.474389949228571
-6.36013045907021,70.2378879860044,17.1735911748473,30.3493825043552,38.6968038743362,998710,100626,0.452691270322837
38.3902201289311,-49.2258359771222,24.6116339969472,55.9081298974343,71.8480994924903,998345,99795,0.216085248171294
-80.045653260313,138.288098657504,26.0314702242155,74.6334997238591,82.7347054844722,999757,99951,0.47240257175373
-26.1390424473211,99.107002671808,26.3843622943081,72.6724907103926,91.3822044618428,1000192,99855,0.496338435540413
54.506209124811,-129.886689120904,29.1075339022431,87.2804518393241,13.0618798779324,999810,100755,0.668603707399963
60.4275906644762,-73.7966623529792,24.0292379533977,38.2524257642217,4.44170767441392,999906,99573,0.165250373602311
-47.2051071049646,-134.610197246075,31.0729439724128,76.4350369782187,98.8233867799863,1000860,99715,0.537267792852354
-26.2825015280396,32.3645845614374,20.3924197856521,44.1125078685582,38.9479353791103,999590,100294,0.453131540200789
64.239375628531,22.2032191883773,18.9577863977847,71.0801679035649,71.1053413106129,999544,99768,0.359579928757558
63.6774072842672,67.9396032448858,18.8550691122309,78.6548985098489,52.5940076913685,1001001,99384,0.362592048560383
-36.7388180270791,-67.9425087478012,28.7114851209326,66.9801703514531,38.6901275254786,999925,100022,0.430271664769915
-63.5313015757129,38.011262929067,24.5854002883039,55.8665057062171,71.8566830735654,997395,100006,0.188348478624009
36.7185710370541,176.772354813293,28.9490896091025,78.8930683885701,88.018071744591,997821,100316,0.408736341806381
-71.3147961208597,87.5537694711238,23.6614678922146,63.1593120098114,12.1160196373239,999001,99430,0.0708869944930032
-83.9290008600801,-152.691433075815,22.0405394889359,46.1565493629314,36.7052236804739,999649,100340,0.475449037643493
89.8928150301799,-17.5791936926544,23.1582371243675,61.7894287640229,78.9931863546371,998960,99249,0.110564441617298
-83.7225352646783,-160.726703563705,15.7369158787914,35.5434343428351,21.5600231895223,1000624,99957,0.402389355423273
-29.0895689232275,-57.7600149437785,19.1519236979294,48.0376401613466,62.0726760942489,1000027,99891,0.402215644555481
74.7114770952612,84.2227735742927,17.7898267682077,68.7856350513175,37.77223569341,999161,99983,0.335587098974222
21.102348533459,-178.521501431242,30.2716113598767,31.5231855213642,60.4035299969837,1000213,100416,0.578114210085466
-38.4686372336,97.8874136321247,22.013349543186,44.7771444637328,56.4518268220127,999148,100169,0.391240635323072
42.8035325417295,-13.328923964873,28.9472992639509,74.5475374558009,69.4443300133571,998302,100156,0.36607821050459
60.1297756517306,79.5025260094553,32.5824530084598,80.188163977582,81.4143686555326,997664,99342,0.0381949842977368
-33.4312595240772,59.9420581944287,24.0411259544503,84.3803683831356,45.3684234526008,999268,100255,0.481721636022431
-1.3380213920027,25.9465394262224,26.4193945317618,35.1245995750651,36.9964695069939,1000021,99804,0.308029083079228
35.5272779194638,73.3726620208472,16.2446624030196,36.9123860029504,82.265903824009,999809,99692,0.323237568564323
25.4632237181067,56.5995817724615,20.906651112401,96.2476892280392,51.2624271446839,999221,100245,0.50244717079183
25.9061246970668,-75.8332277834415,25.2810742469142,95.1618385477923,74.1581825306639,1000101,99535,0.38192714238931
86.0136128682643,-144.993795957416,26.4954345166808,94.5016079116613,84.9338478175923,1000698,99747,0.538035816671749
-15.3476397972554,166.471675587818,21.2030094135056,75.4957053833641,44.0299715381116,999172,100329,0.48069255177082
-68.5071396036074,85.0802504830062,38.424294996134,40.944525625091,40.5908306594938,1000117,99910,0.371453061176626
4.68533882405609,40.5804486852139,22.7080493045381,93.7100568134338,85.0917610805482,1000605,100361,0.744358320916568
-49.4867968512699,-136.825602902099,25.3212177831502,94.5443321461789,72.7024612016976,1000255,100010,0.563279106896404
-2.44588247034699,18.0932567361742,28.2489593357676,41.8468429753557,61.5070251515135,1000939,100258,0.619290572371911
-23.3613362722099,-85.4077399894595,24.86990682613,35.135712090414,70.0001063290983,1001189,100068,0.58190651965967
87.0030325418338,143.409899231046,21.7821630648644,69.6360251749866,74.8172963969409,1000952,100274,0.694229690292206
-20.1025592721999,-176.695219511166,30.2265283198165,55.578370783478,26.184764271602,999571,100006,0.346972355204526
-48.7359287403524,-94.9554230645299,33.077726616036,62.2116633248515,27.6196651626378,997748,100352,0.286322425862294
22.1935583325103,-133.183945678174,24.8515301447508,62.5315838679671,19.9463771656156,1000925,99888,0.452304658241878
-65.4227645276114,-62.5560671836138,27.8113367270153,84.5234975684434,94.2995996912941,999031,99774,0.366918995902451
84.144508978352,81.5035997796804,24.5129375074868,87.6566463406198,27.114568115212,1001243,100266,0.673742416302693
2.71292542107403,177.028284743428,30.0822760885108,49.7648536530323,49.8408649116755,999831,99803,0.332586398751036
-60.6473407382146,77.4480699934065,19.2191630287007,81.0984819894657,3.6687881918624,999490,99165,0.0454398891829821
21.9424131279811,1.59833195619285,36.6043011199724,64.7180180181749,80.1737232832238,999348,100287,0.5266813195974
87.4717497406527,-23.0228381417692,21.9823437610583,34.6387810772285,40.5224565882236,1000251,99798,0.335714201217354
30.3788731433451,161.577090220526,17.7057529278095,32.6353481388651,46.0125905228779,999068,99849,0.232028450606638
-14.5951385563239,-136.734664449468,23.2454108640347,46.6309551824816,93.1152150500566,1000126,99995,0.498649435508085
-31.7979012290016,-152.947736419737,25.733542420725,45.2877277159132,38.9880725648254,1000472,99888,0.406450451049517
60.3459575911984,140.047737406567,33.1181060384011,59.5670392434113,74.5816369075328,999659,100178,0.503866229412314
-64.1129321465269,-27.1972457785159,29.5560483838566,68.4826143155806,78.3608496654779,1000944,100167,0.659430321275294
-55.293129561469,-164.750155638903,25.7122921602289,79.9616323271766,20.745625323616,1000710,100133,0.545981438271226
71.412962875329,53.079171711579,18.0525823800592,46.7995876073837,5.65267296042293,1000499,99811,0.329543401707075
-34.5384802250192,-11.2971015181392,20.6698112766394,92.6977409189567,33.1513833720237,997934,99791,0.16722298739301
-24.6059021679685,42.4534043949097,24.1835753388535,63.7836651643738,68.3805185602978,999568,99855,0.376420157265896
51.1103661730886,-82.5064442865551,37.765130567303,48.399290132802,76.7774268286303,1002377,99780,0.641073470552641
-55.1918376144022,-123.373696804047,15.6988621289079,52.3943132231943,65.3049391461536,1000095,99619,0.325773101465119
-86.8021538620815,-138.868462722749,30.6552732592301,76.5011381963268,93.3803994208574,998771,100629,0.626850880722751
-16.8105840682983,2.76583073660731,22.3638287138304,80.9635952976532,0.351595156826079,1001357,99405,0.325933814645675
-3.02981953136623,17.2916235029697,33.3299544999371,70.0005165650509,37.8389092627913,998000,100383,0.354197390512716
-14.0679089678451,-129.367371797562,19.303996800133,91.5086553432047,64.3704051151872,1001165,99806,0.570355554573623
-28.2944156974554,-118.883141968399,25.7181161733137,58.6442295182496,9.90726111922413,996174,100220,0.0348025405708861
65.9669966390356,94.3147163372487,19.5022452914862,44.3777052708901,1.50634618476033,999231,100388,0.386326567054766
-8.08055082801729,9.86217861995101,29.5175821318084,62.9574292013422,14.8565070470795,1000696,100375,0.592348004174416
6.07767725363374,129.956168727949,32.4188974436904,56.5585442748852,74.5310313301161,998448,99855,0.253934677655298
83.4917997429147,62.4797956366092,34.7536050320058,47.3295473656617,85.2746750926599,999775,99619,0.315898877328761
49.4264775747433,-175.305229313672,28.9880032879476,94.7522768052295,32.4945457279682,1002244,100351,0.832325392401442
-52.4022572580725,69.5516044925898,34.2163312728891,62.632229460869,26.6669508768246,999401,100195,0.408012613156473
-34.4183701090515,141.016943575814,31.2321195433082,30.9759178338572,24.3547442136332,1000448,99844,0.340484186903647
84.8416410433128,47.4660631176084,24.3406254408799,96.0257316683419,95.6250291550532,998894,99457,0.261100820609678
15.2820168295875,-141.373924221843,27.3851861914235,56.2181958812289,49.7268739389256,999328,100266,0.452772642925585
46.9482525670901,151.58347338438,20.1400289426203,30.5629074852914,69.4451575400308,1000248,100374,0.580361767130378
-22.9123090021312,63.1304572150111,24.073989152995,98.6367152375169,91.5131913963705,1001425,99957,0.708436688210706
48.4549040207639,-126.506263464689,31.1048185417441,56.4278039126657,60.8921787003055,999398,99814,0.319067328339842
6.78189294878393,88.3230632264167,27.7064207174117,99.0107288351282,26.2608857825398,999037,100274,0.456158381347664
74.5191809395328,159.335590275005,27.2867866581267,39.7731473483145,91.8930737767369,999391,99808,0.339880408570763
-56.6466404590756,-28.5179847758263,19.809344801564,69.3552672164515,71.1613078601658,1000858,100546,0.773901370468097
-39.2006848705932,-72.8196918591857,21.9774338483294,85.6052136048675,4.38285937998444,1000495,99167,0.163086240781721
-72.9067656258121,-86.6063987463713,21.1769699312322,43.5730958054774,63.3507626829669,1001896,100058,0.657517475399149
-52.1123257605359,-99.7627259138972,26.9764793500675,79.7488952148706,85.2732387837023,1000045,99574,0.382602221561999
85.8778193313628,23.6355636455119,20.0474618476672,69.5995614002459,11.9095859350637,1000323,100109,0.464069691183564
-36.6656084312126,92.3940478172153,27.8102069504953,30.7081013196148,95.2037903247401,998902,100456,0.507104528481668
40.6769448425621,61.0572765301913,19.4179179403323,47.9865607479587,4.08398597501218,999263,99531,0.0965634781552996
51.4238101663068,16.7482059448957,34.1426522906768,62.9687038017437,17.0599981676787,999412,99988,0.320598362729607
-71.0248056985438,112.126916795969,27.3029567473905,94.8803923022933,2.31534095946699,1000255,100331,0.561247290405372
-46.872966773808,93.3000487368554,21.4949819387337,99.6704385173507,38.9909906545654,1000277,99926,0.488702392537892
-41.3019229704514,-172.775352168828,26.2052296625061,44.6987610287033,70.9277140907943,1000536,100030,0.515398185213589
-71.8094710679725,-42.8746679518372,23.2377340038602,68.1630835752003,65.5755545711145,999539,100062,0.449184930684089
-68.7755085714161,-161.683159098029,26.8557397987983,75.1775010675192,48.6142716836184,1000965,99683,0.452260729140557
88.4225800540298,107.245057420805,26.2176635938015,93.0775586445816,8.0723162740469,1000867,99661,0.396517616022034
87.4897735146806,152.531716749072,19.9294291366926,81.2625223142095,96.7884400626644,998924,99881,0.391995982756373
-65.3278551483527,15.3354133665562,21.0434306059026,72.6797491381876,56.0272865230218,1000174,100522,0.672181439563603
72.9557246994227,126.851256061345,26.4979684236978,45.7060493528843,71.6906161280349,999384,100352,0.508168821793099
13.734330763109,30.0826307851821,33.1952595437578,94.1319709364325,28.3424756024033,999350,99865,0.340463276771418
-18.8192053651437,60.5965116620064,30.4230850433546,86.1932717356831,80.2252903580666,1002046,99714,0.650139430466517
-9.03555285651237,4.0732547454536,21.8771626319095,51.8686028802767,62.9219358321279,999439,99601,0.243894428468385
37.170342206955,94.5902121439576,29.1296145082375,45.9075837396085,90.8960911910981,1000727,100157,0.615921950490011
-75.1495057577267,145.210423646495,24.7571582362186,76.0316642769612,39.612518902868,999996,99932,0.422529780306301
-28.9237355673686,115.370824383572,26.506568258592,81.5011809417047,30.8284414000809,1000751,100229,0.603583558092689
32.5417592190206,-154.284534137696,26.3018074536828,62.5565978209488,73.169416305609,999722,99776,0.370929366511306
-32.9491353454068,-178.597316499799,37.877248818617,90.4523730510846,69.500856846571,999839,99698,0.395932401838128
59.6823476487771,-161.208498291671,19.0735559470639,77.250040830113,43.5300165554509,999951,100017,0.456256367628252
-51.2690251227468,131.961664706469,25.5045992950643,41.3027522200719,80.7519890367985,1000760,100155,0.594413589268318
-0.369191486388445,27.4482608120888,16.1001135601619,30.8463214710355,30.5613044882193,1000457,100158,0.462664420192217
-40.3110589273274,-67.0166740659624,27.9491796147938,90.6247619213536,91.4555313298479,1000247,99659,0.462638734911862
-55.4358026292175,165.407682163641,30.483042358607,37.049895147793,62.9829389508814,999988,99881,0.377829426532371
81.1118275299668,32.8297525271773,32.2283112055058,51.8562571168877,77.716425806284,1000140,100117,0.526552668399253
-32.0894032018259,11.3073608838022,15.3742737408144,60.4146537114866,71.714389231056,999465,100049,0.433948484939219
-3.87785091530532,-41.7827982455492,27.0638474859702,73.1029244931415,66.3176189409569,1000208,100024,0.517217152620724
-84.9613370513543,-64.9608373828232,32.9668497569183,53.7456839764491,70.3092000680044,999491,100081,0.434746642087405
8.54270424228162,111.019051903859,22.9299206847885,70.5984671972692,19.263584795408,1001991,100119,0.661177479524911
25.9632396977395,-164.908980550244,23.9392473395903,88.0772361904383,59.8078214563429,998870,100043,0.393716530512364
17.3274380341172,-49.0526298992336,24.8173138889763,53.4232701919973,76.7170521896333,999165,100206,0.45391824649913
-32.0512723736465,128.374908110127,26.8250937571652,56.7413297318853,23.6375931883231,1000587,99893,0.414179723356956
70.4005762422457,71.2607682589442,28.3257993787298,72.3982954281382,69.1556062549353,1000821,99927,0.55246415789695
22.7262505330145,66.4151302725077,31.5891044185574,64.701512446627,9.2239077668637,999092,99444,0.0834222851282893
-35.4771152464673,-54.7145810164511,24.522562047775,37.6487518590875,73.7041240325198,1000312,100045,0.489509333022169
-20.1231605233625,19.6854585874826,25.9813902273623,89.2149809957482,94.4681071443483,998872,100149,0.490580451478921
-61.1144833546132,-130.592297678813,37.4399893861073,61.2099574576132,66.4087651763111,1001089,100135,0.631979769118577
65.2593415556476,102.575360275805,27.155494640575,82.5263133388944,66.7415574658662,999687,99844,0.413596657779451
81.5582184819505,139.270525770262,25.9437655466492,85.6877033738419,42.0021674362943,998212,100001,0.274577403769673
11.4560430217534,-106.525482013822,18.2887843735828,57.3489199997857,13.7966922484338,998346,99620,0.060743959753281
-30.6814655894414,97.4242661241442,25.0142802381111,31.0393522190861,46.9365113647655,1000511,99815,0.374403533285967
89.3910993682221,34.6906658727676,23.8933692341656,82.0390378683805,9.37542426399887,1000474,99747,0.368532721395313
-47.7324583567679,164.761107265949,24.9447708509531,34.786962508224,75.4073351155967,999483,99749,0.293446979558974
20.2809537481517,-122.872176859528,22.1229117936442,67.2414441546425,36.6327905561775,999978,99861,0.37601429371652
-70.5278647039086,9.35073869302869,21.5659217377865,38.5841289698146,56.8136381683871,1001807,99688,0.497888857178256
-2.33413740992546,134.334492310882,21.3961318408994,77.3038999410346,38.3021314162761,1000189,99789,0.392637401455349
-72.0997517975047,133.094185302034,23.9274774230011,33.9214047440328,20.3238700050861,998837,100300,0.326513042708045
-60.9901627153158,-171.472088433802,31.8406632401431,85.8606570074335,53.5265385871753,1000834,100230,0.657566969121243
-39.0612832596526,171.320289652795,30.2454331327966,76.3823475199752,38.584724906832,1001529,100320,0.724009422763477
15.0970204733312,-3.51928864605725,23.2001244102847,47.0968977664597,86.2285359296948,999988,100333,0.592844650851953
41.7073785932735,-39.8986837081611,16.5704177273063,41.2260706047527,9.35635447967798,999643,99438,0.102133917007012
-60.2062360011041,-29.6802144404501,20.7770828573202,34.0599930216558,6.34485378395766,1000601,99544,0.226107438926954
65.964197376743,-146.546704620123,22.7111973337975,31.0647835675627,16.6764037217945,1000218,100294,0.462488382523892
37.5433446932584,-121.748684328049,25.5181900211415,88.3348340122029,93.5655231354758,1000236,100230,0.663323718475803
46.8719165213406,-34.0500617399812,21.6869636214959,48.331405245699,44.2508975276724,1001112,100033,0.540484272693216
-63.5248604603112,-56.9468000996858,35.0334034541595,33.8790378300473,67.4396282760426,999012,99849,0.263432136211725
-25.5497465841472,-30.5073168408126,23.6386623279082,54.3623402994126,3.60779990442097,1001439,99779,0.428636810808115
31.1998466541991,-70.5411111284047,18.9302776488025,70.6152886268683,46.8421088065952,1000816,100162,0.595335330598945
4.28806829731911,21.7009934876114,24.2936912135874,86.2952792993747,4.56535702105612,998242,99809,0.149010323641673
-27.0356773026288,-123.885305793956,19.9731120920329,53.8186008506455,62.0033693732694,999836,100078,0.45727159313036
-46.7044737143442,164.368715090677,25.7807785363766,39.4395231618546,86.4891988225281,996854,99871,0.0792794246299634
-79.5254766661674,-164.172014873475,26.1681680704493,84.1529044136405,19.5869160583243,999398,99824,0.30018116654248
-47.4084464181215,-46.0232126154006,26.7779380581419,91.4066494908184,28.2098453259096,1000469,99934,0.480776683851276
70.2140243723989,166.541522908956,16.8907087043789,99.15776245296,86.5187088726088,999104,100112,0.505776597879114
56.1289348918945,52.3539056628942,26.1035564548532,75.8373009599745,3.20350471884012,999364,99178,0.0270058047864249
44.5529379928485,-157.945458842441,26.5522504027082,47.7819112315774,78.235537535511,998952,100014,0.356173647612758
-62.1158893592656,-32.4194657430053,17.8944577624776,74.901889199391,45.506949396804,1000871,100145,0.600118204311423
-67.5464240508154,-26.6741517372429,29.7768281986521,61.5428666444495,8.01218885462731,997831,99840,0.0805048107818549
85.4506455268711,2.93691049329937,28.9208543954717,43.7872837949544,90.6760870013386,1000269,99903,0.472763995762506
-11.4966007042676,-18.1440321262926,36.4980968057722,72.4331239773892,18.9006654545665,1001624,99788,0.506860075034141
-6.47700717207044,44.3740980606526,25.7835149368786,98.2240824843757,74.6095868293196,998822,99895,0.37734348151087
-60.2463453775272,-129.607944823802,25.23366763759,43.9422066928819,43.1564079830423,1000250,99938,0.404888483053167
15.2885803207755,146.860704291612,25.4829291704122,60.4331281478517,67.0532197225839,999880,99680,0.340361281079935
-41.2599564995617,24.9995789118111,25.3488311545015,53.7677114247344,18.7451212666929,1002243,100408,0.762009364531752
-48.5825543291867,17.3810066096485,15.7576361233117,32.38057696959,88.1743172882125,1001105,100105,0.611416987887181
34.4174096686766,-137.942055892199,16.6443647067888,36.9438994280063,4.88674484658986,999092,100466,0.392268154789851
-39.0865680668503,94.3301996402442,24.612305166044,59.3462982913479,22.0204886747524,999121,99795,0.223111474317608
55.8716519130394,-7.78699918650091,22.0946630971675,33.3136837976053,26.1800466105342,999040,99897,0.214373586456628
-73.0950107239187,101.508809281513,25.2736826252871,31.8570493883453,76.7209904035553,1000175,99623,0.320748452424361
57.9654128104448,-163.430442502722,14.4439581336973,42.145843252074,38.5962504195049,998956,99255,0.0131046813975593
-13.0629094736651,115.144080407917,17.5065087273662,56.4660574030131,27.8573109069839,998118,100299,0.298338948325491
46.0597067512572,-83.0129589233547,19.4925828053063,71.1825949000195,7.76155120693147,999319,99829,0.252488598084143
29.2293911799788,-78.173850774765,29.9302911053012,53.5500769154169,50.0304862856865,1000746,100053,0.526281786018476
-9.98506855219603,51.5597614087164,19.5075499645494,64.6183800743893,45.1451449422166,998448,99650,0.146134001380576
22.8863131999969,161.322781601921,21.0024302321173,82.6628672331572,98.6601613229141,1000226,100538,0.770342694739023
-89.9162371689454,-177.480556396767,25.3993690933703,41.8343478394672,14.213434047997,999799,100313,0.437774517208538
-50.8961674757302,-53.4176380746067,23.3862681908745,89.0542145608924,83.3835751516744,1000004,100213,0.61667351556736
36.8770042201504,-29.1435390338302,25.7320858933398,52.4211999471299,2.95294900424778,1000118,100023,0.368365978593154
-51.2700321245939,-15.1643530558795,36.5253099102285,46.372105141636,77.8758703731,1000985,100232,0.649548059988635
56.5080698300153,76.2093285564333,19.3769816437088,51.6995496046729,22.8673940291628,998371,100209,0.27762925473751
-34.6025026263669,151.145300762728,23.472651800451,85.2936974284239,13.3860118454322,999750,100507,0.571584711001792
33.7936834199354,45.7598522119224,22.4162027512813,47.8155424376018,19.0610923804343,1000315,100268,0.495338212185789
77.8825942240655,144.78544020094,32.5619771341623,94.5976468012668,21.5864639729261,999235,99934,0.34211085262413
-69.1596603300422,92.638497306034,21.1525753855486,40.3847448248416,93.4171392116696,999876,100075,0.490213172002085
-67.0129761798307,-130.370988361537,24.5895654811214,45.1534464512952,98.8817654550076,999318,100118,0.462197520219342
32.0802943361923,-124.828243916854,28.9356680716135,73.8264268264174,31.0024928534403,1000278,100358,0.58589147599535
-12.789252740331,-111.127612721175,19.707047320258,47.9949121293612,13.713087933138,1001356,99964,0.491365022499666
60.1921760290861,-24.0533493831754,33.27587907871,79.5021623396315,66.0985806724057,999212,99263,0.150638029241683
84.8588520241901,-148.601051336154,28.3788120773712,81.9683652813546,58.491337671876,1001538,100575,0.857363881764799
-77.3119840119034,-99.4391996227205,19.6289669523482,48.3649475453421,34.4065332552418,999841,100137,0.424119234744882
-7.23866522312164,25.9735246282071,27.2728890452887,70.0833865534514,81.395653844811,1000121,99741,0.427555631413988
36.2853213166818,-35.9390957839787,23.9334642838347,94.0954039455391,28.3183959545568,999952,99926,0.42684279531365
-74.350769771263,23.567537041381,26.5661438599717,79.5894035231322,84.5841060625389,998655,99998,0.381511022107122
88.729922901839,118.664596332237,24.5501240149217,89.104854951147,13.702188548632,1000846,99777,0.438061837702169
-44.4421810749918,51.1609750147909,30.3525801838917,94.3959689908661,86.1947756260633,1001024,100591,0.873904972117199
-81.0830815834925,-39.0604493860155,18.2444980714833,50.6244272110052,6.7120618885383,1001267,99960,0.473137321108511
33.5384904267266,75.4487477056682,22.3869165140204,75.545686497353,43.5208435403183,999493,99965,0.385653411921204
51.6469234786928,-140.823333682492,23.754046611223,39.9236333207227,68.0134959518909,1001441,100416,0.73690517160069
